[
  {
    "id": "first_steal",
    "name": "初次偷吃",
    "description": "完成第一次偷吃",
    "unlocked": false,
    "unlock_time": null,
    "progress": 0.0,
    "max_progress": 1
  },
  {
    "id": "steal_10",
    "name": "小偷新手",
    "description": "成功偷吃10次",
    "unlocked": false,
    "unlock_time": null,
    "progress": 0.0,
    "max_progress": 10
  },
  {
    "id": "steal_100",
    "name": "偷吃大师",
    "description": "成功偷吃100次",
    "unlocked": false,
    "unlock_time": null,
    "progress": 0.0,
    "max_progress": 100
  },
  {
    "id": "steal_1000",
    "name": "传奇大盗",
    "description": "成功偷吃1000次",
    "unlocked": false,
    "unlock_time": null,
    "progress": 0.0,
    "max_progress": 1000
  },
  {
    "id": "combo_5",
    "name": "连击新手",
    "description": "达成5连击",
    "unlocked": false,
    "unlock_time": null,
    "progress": 0.0,
    "max_progress": 5
  },
  {
    "id": "combo_20",
    "name": "连击高手",
    "description": "达成20连击",
    "unlocked": false,
    "unlock_time": null,
    "progress": 0.0,
    "max_progress": 20
  },
  {
    "id": "combo_50",
    "name": "连击大师",
    "description": "达成50连击",
    "unlocked": false,
    "unlock_time": null,
    "progress": 0.0,
    "max_progress": 50
  },
  {
    "id": "value_1000",
    "name": "财富积累者",
    "description": "累计获得价值1000",
    "unlocked": false,
    "unlock_time": null,
    "progress": 0.0,
    "max_progress": 1000
  },
  {
    "id": "value_10000",
    "name": "富翁",
    "description": "累计获得价值10000",
    "unlocked": false,
    "unlock_time": null,
    "progress": 0.0,
    "max_progress": 10000
  },
  {
    "id": "daily_10",
    "name": "勤奋偷吃者",
    "description": "单日偷吃10次",
    "unlocked": false,
    "unlock_time": null,
    "progress": 0.0,
    "max_progress": 10
  },
  {
    "id": "lucky_day",
    "name": "幸运日",
    "description": "单日成功率100%（至少5次）",
    "unlocked": false,
    "unlock_time": null,
    "progress": 0.0,
    "max_progress": 5
  },
  {
    "id": "collector",
    "name": "收藏家",
    "description": "收集50种不同物品",
    "unlocked": false,
    "unlock_time": null,
    "progress": 0.0,
    "max_progress": 50
  },
  {
    "id": "speed_demon",
    "name": "速度恶魔",
    "description": "1分钟内完成3次偷吃",
    "unlocked": false,
    "unlock_time": null,
    "progress": 0.0,
    "max_progress": 3
  },
  {
    "id": "night_owl",
    "name": "夜猫子",
    "description": "在凌晨2-6点偷吃",
    "unlocked": false,
    "unlock_time": null,
    "progress": 0.0,
    "max_progress": 1
  },
  {
    "id": "early_bird",
    "name": "早起鸟",
    "description": "在早晨6-8点偷吃",
    "unlocked": false,
    "unlock_time": null,
    "progress": 0.0,
    "max_progress": 1
  }
]