{
  "total_steals": 19,
  "total_value": 109006288,
  "successful_steals": 18,
  "failed_steals": 1,
  "items_obtained": [
    {
      "name": "purple_1x1_erhuan (价值: 13,172)",
      "value": 15892,
      "rarity": "purple",
      "obtained_time": "2025-06-30T10:46:01.710602"
    },
    {
      "name": "gold_3x1_touguan (价值: 143,697)",
      "value": 175945,
      "rarity": "gold",
      "obtained_time": "2025-06-30T10:46:01.710602"
    },
    {
      "name": "blue_2x2_youqi (价值: 4,200)",
      "value": 4160,
      "rarity": "blue",
      "obtained_time": "2025-06-30T10:46:01.710602"
    },
    {
      "name": "blue_2x1_xianwei (价值: 2,200)",
      "value": 1954,
      "rarity": "blue",
      "obtained_time": "2025-06-30T10:46:01.710602"
    },
    {
      "name": "purple_2x3_dentai (价值: 112,592)",
      "value": 121955,
      "rarity": "purple",
      "obtained_time": "2025-06-30T10:46:01.710602"
    },
    {
      "name": "gold_1x1_cpu (价值: 64,177)",
      "value": 73600,
      "rarity": "gold",
      "obtained_time": "2025-06-30T10:47:14.461716"
    },
    {
      "name": "blue_2x3_shuini (价值: 7,200)",
      "value": 7085,
      "rarity": "blue",
      "obtained_time": "2025-06-30T10:47:14.461716"
    },
    {
      "name": "purple_1x2_dangan (价值: 22,530)",
      "value": 27631,
      "rarity": "purple",
      "obtained_time": "2025-06-30T10:47:14.461716"
    },
    {
      "name": "blue_2x2_zazhi (价值: 4,000)",
      "value": 4165,
      "rarity": "blue",
      "obtained_time": "2025-06-30T10:47:14.461716"
    },
    {
      "name": "blue_1x1_paotengpian (价值: 1,000)",
      "value": 1275,
      "rarity": "blue",
      "obtained_time": "2025-06-30T10:47:14.461716"
    },
    {
      "name": "blue_1x1_paotengpian (价值: 1,000)",
      "base_name": "blue_1x1_paotengpian",
      "value": 1233,
      "rarity": "blue",
      "level": "blue",
      "size": "1x1",
      "path": "C:\\powershell\\AstrBot\\data\\plugins\\astrbot_plugin_touchi\\core\\items\\blue_1x1_paotengpian.png",
      "obtained_time": "2025-06-30T11:12:10.735598",
      "time": "2025-06-30 11:12:10"
    },
    {
      "name": "purple_1x1_1 (价值: 338,091)",
      "base_name": "purple_1x1_1",
      "value": 494122,
      "rarity": "purple",
      "level": "purple",
      "size": "1x1",
      "path": "C:\\powershell\\AstrBot\\data\\plugins\\astrbot_plugin_touchi\\core\\items\\purple_1x1_1.png",
      "obtained_time": "2025-06-30T11:12:10.735598",
      "time": "2025-06-30 11:12:10"
    },
    {
      "name": "blue_2x3_shuini (价值: 7,200)",
      "base_name": "blue_2x3_shuini",
      "value": 7931,
      "rarity": "blue",
      "level": "blue",
      "size": "2x3",
      "path": "C:\\powershell\\AstrBot\\data\\plugins\\astrbot_plugin_touchi\\core\\items\\blue_2x3_shuini.png",
      "obtained_time": "2025-06-30T11:12:10.735598",
      "time": "2025-06-30 11:12:10"
    },
    {
      "name": "blue_2x2_wenduji (价值: 4,400)",
      "base_name": "blue_2x2_wenduji",
      "value": 5009,
      "rarity": "blue",
      "level": "blue",
      "size": "2x2",
      "path": "C:\\powershell\\AstrBot\\data\\plugins\\astrbot_plugin_touchi\\core\\items\\blue_2x2_wenduji.png",
      "obtained_time": "2025-06-30T11:16:34.380516",
      "time": "2025-06-30 11:16:34"
    },
    {
      "name": "purple_1x1_jiandiebi (价值: 21,086)",
      "base_name": "purple_1x1_jiandiebi",
      "value": 33765,
      "rarity": "purple",
      "level": "purple",
      "size": "1x1",
      "path": "C:\\powershell\\AstrBot\\data\\plugins\\astrbot_plugin_touchi\\core\\items\\purple_1x1_jiandiebi.png",
      "obtained_time": "2025-06-30T11:16:34.380516",
      "time": "2025-06-30 11:16:34"
    },
    {
      "name": "red_2x1_xianka (价值: 332,793)",
      "base_name": "red_2x1_xianka",
      "value": 387968,
      "rarity": "red",
      "level": "red",
      "size": "2x1",
      "path": "C:\\powershell\\AstrBot\\data\\plugins\\astrbot_plugin_touchi\\core\\items\\red_2x1_xianka.png",
      "obtained_time": "2025-06-30T11:16:34.380516",
      "time": "2025-06-30 11:16:34"
    },
    {
      "name": "purple_3x2_diandongche (价值: 66,852)",
      "base_name": "purple_3x2_diandongche",
      "value": 87901,
      "rarity": "purple",
      "level": "purple",
      "size": "3x2",
      "path": "C:\\powershell\\AstrBot\\data\\plugins\\astrbot_plugin_touchi\\core\\items\\purple_3x2_diandongche.png",
      "obtained_time": "2025-06-30T11:17:13.107825",
      "time": "2025-06-30 11:17:13"
    },
    {
      "name": "gold_2x2_dianlan (价值: 447,649)",
      "base_name": "gold_2x2_dianlan",
      "value": 600343,
      "rarity": "gold",
      "level": "gold",
      "size": "2x2",
      "path": "C:\\powershell\\AstrBot\\data\\plugins\\astrbot_plugin_touchi\\core\\items\\gold_2x2_dianlan.png",
      "obtained_time": "2025-06-30T11:17:13.107825",
      "time": "2025-06-30 11:17:13"
    },
    {
      "name": "gold_1x1_tuzhi (价值: 67,208)",
      "base_name": "gold_1x1_tuzhi",
      "value": 92151,
      "rarity": "gold",
      "level": "gold",
      "size": "1x1",
      "path": "C:\\powershell\\AstrBot\\data\\plugins\\astrbot_plugin_touchi\\core\\items\\gold_1x1_tuzhi.png",
      "obtained_time": "2025-06-30T11:17:13.107825",
      "time": "2025-06-30 11:17:13"
    },
    {
      "name": "blue_2x2_meiqiguan (价值: 4,800)",
      "base_name": "blue_2x2_meiqiguan",
      "value": 6828,
      "rarity": "blue",
      "level": "blue",
      "size": "2x2",
      "path": "C:\\powershell\\AstrBot\\data\\plugins\\astrbot_plugin_touchi\\core\\items\\blue_2x2_meiqiguan.png",
      "obtained_time": "2025-06-30T11:28:13.266101",
      "time": "2025-06-30 11:28:13"
    },
    {
      "name": "gold_1x1_mofang (价值: 94,669)",
      "base_name": "gold_1x1_mofang",
      "value": 127154,
      "rarity": "gold",
      "level": "gold",
      "size": "1x1",
      "path": "C:\\powershell\\AstrBot\\data\\plugins\\astrbot_plugin_touchi\\core\\items\\gold_1x1_mofang.png",
      "obtained_time": "2025-06-30T11:28:13.266101",
      "time": "2025-06-30 11:28:13"
    },
    {
      "name": "blue_1x1_cha (价值: 1,200)",
      "base_name": "blue_1x1_cha",
      "value": 1725,
      "rarity": "blue",
      "level": "blue",
      "size": "1x1",
      "path": "C:\\powershell\\AstrBot\\data\\plugins\\astrbot_plugin_touchi\\core\\items\\blue_1x1_cha.png",
      "obtained_time": "2025-06-30T11:28:13.266101",
      "time": "2025-06-30 11:28:13"
    },
    {
      "name": "purple_1x1_1 (价值: 338,091)",
      "base_name": "purple_1x1_1",
      "value": 570757,
      "rarity": "purple",
      "level": "purple",
      "size": "1x1",
      "path": "C:\\powershell\\AstrBot\\data\\plugins\\astrbot_plugin_touchi\\core\\items\\purple_1x1_1.png",
      "obtained_time": "2025-06-30T11:28:13.266101",
      "time": "2025-06-30 11:28:13"
    },
    {
      "name": "blue_1x1_jidianqi (价值: 1,500)",
      "base_name": "blue_1x1_jidianqi",
      "value": 2805,
      "rarity": "blue",
      "level": "blue",
      "size": "1x1",
      "path": "C:\\powershell\\AstrBot\\data\\plugins\\astrbot_plugin_touchi\\core\\items\\blue_1x1_jidianqi.png",
      "obtained_time": "2025-06-30T11:28:13.266101",
      "time": "2025-06-30 11:28:13"
    },
    {
      "name": "gold_2x2_zhayao (价值: 131,427)",
      "base_name": "gold_2x2_zhayao",
      "value": 228458,
      "rarity": "gold",
      "level": "gold",
      "size": "2x2",
      "path": "C:\\powershell\\AstrBot\\data\\plugins\\astrbot_plugin_touchi\\core\\items\\gold_2x2_zhayao.png",
      "obtained_time": "2025-06-30T11:29:16.915918",
      "time": "2025-06-30 11:29:16"
    },
    {
      "name": "red_2x2_tianyuandifang (价值: 537,003)",
      "base_name": "red_2x2_tianyuandifang",
      "value": 755039,
      "rarity": "red",
      "level": "red",
      "size": "2x2",
      "path": "C:\\powershell\\AstrBot\\data\\plugins\\astrbot_plugin_touchi\\core\\items\\red_2x2_tianyuandifang.png",
      "obtained_time": "2025-06-30T11:29:16.915918",
      "time": "2025-06-30 11:29:16"
    },
    {
      "name": "blue_1x2_zidanlingjian (价值: 2,800)",
      "base_name": "blue_1x2_zidanlingjian",
      "value": 4387,
      "rarity": "blue",
      "level": "blue",
      "size": "1x2",
      "path": "C:\\powershell\\AstrBot\\data\\plugins\\astrbot_plugin_touchi\\core\\items\\blue_1x2_zidanlingjian.png",
      "obtained_time": "2025-06-30T11:29:16.915918",
      "time": "2025-06-30 11:29:16"
    },
    {
      "name": "red_2x3_liushengji (价值: 1,264,435)",
      "base_name": "red_2x3_liushengji",
      "value": 2002260,
      "rarity": "red",
      "level": "red",
      "size": "2x3",
      "path": "C:\\powershell\\AstrBot\\data\\plugins\\astrbot_plugin_touchi\\core\\items\\red_2x3_liushengji.png",
      "obtained_time": "2025-06-30T11:29:16.915918",
      "time": "2025-06-30 11:29:16"
    },
    {
      "name": "blue_1x2_kafeihu (价值: 2,400)",
      "base_name": "blue_1x2_kafeihu",
      "value": 3641,
      "rarity": "blue",
      "level": "blue",
      "size": "1x2",
      "path": "C:\\powershell\\AstrBot\\data\\plugins\\astrbot_plugin_touchi\\core\\items\\blue_1x2_kafeihu.png",
      "obtained_time": "2025-06-30T11:32:39.145331",
      "time": "2025-06-30 11:32:39"
    },
    {
      "name": "blue_1x2_nvlang (价值: 2,200)",
      "base_name": "blue_1x2_nvlang",
      "value": 3861,
      "rarity": "blue",
      "level": "blue",
      "size": "1x2",
      "path": "C:\\powershell\\AstrBot\\data\\plugins\\astrbot_plugin_touchi\\core\\items\\blue_1x2_nvlang.png",
      "obtained_time": "2025-06-30T11:32:39.145331",
      "time": "2025-06-30 11:32:39"
    },
    {
      "name": "purple_1x1_shoubing (价值: 34,616)",
      "base_name": "purple_1x1_shoubing",
      "value": 68674,
      "rarity": "purple",
      "level": "purple",
      "size": "1x1",
      "path": "C:\\powershell\\AstrBot\\data\\plugins\\astrbot_plugin_touchi\\core\\items\\purple_1x1_shoubing.png",
      "obtained_time": "2025-06-30T11:32:39.145331",
      "time": "2025-06-30 11:32:39"
    },
    {
      "name": "purple_1x2_shuihu (价值: 32,154)",
      "base_name": "purple_1x2_shuihu",
      "value": 63563,
      "rarity": "purple",
      "level": "purple",
      "size": "1x2",
      "path": "C:\\powershell\\AstrBot\\data\\plugins\\astrbot_plugin_touchi\\core\\items\\purple_1x2_shuihu.png",
      "obtained_time": "2025-06-30T11:32:39.145331",
      "time": "2025-06-30 11:32:39"
    },
    {
      "name": "purple_2x2_xueyayi (价值: 37,439)",
      "base_name": "purple_2x2_xueyayi",
      "value": 82004,
      "rarity": "purple",
      "level": "purple",
      "size": "2x2",
      "path": "C:\\powershell\\AstrBot\\data\\plugins\\astrbot_plugin_touchi\\core\\items\\purple_2x2_xueyayi.png",
      "obtained_time": "2025-06-30T11:35:13.191336",
      "time": "2025-06-30 11:35:13"
    },
    {
      "name": "purple_1x2_dangan (价值: 22,530)",
      "base_name": "purple_1x2_dangan",
      "value": 42810,
      "rarity": "purple",
      "level": "purple",
      "size": "1x2",
      "path": "C:\\powershell\\AstrBot\\data\\plugins\\astrbot_plugin_touchi\\core\\items\\purple_1x2_dangan.png",
      "obtained_time": "2025-06-30T11:35:13.191336",
      "time": "2025-06-30 11:35:13"
    },
    {
      "name": "blue_2x2_meiqiguan (价值: 4,800)",
      "base_name": "blue_2x2_meiqiguan",
      "value": 8374,
      "rarity": "blue",
      "level": "blue",
      "size": "2x2",
      "path": "C:\\powershell\\AstrBot\\data\\plugins\\astrbot_plugin_touchi\\core\\items\\blue_2x2_meiqiguan.png",
      "obtained_time": "2025-06-30T11:35:13.191336",
      "time": "2025-06-30 11:35:13"
    },
    {
      "name": "red_1x1_xin (价值: 13,581,911)",
      "base_name": "red_1x1_xin",
      "value": 31539227,
      "rarity": "red",
      "level": "red",
      "size": "1x1",
      "path": "C:\\powershell\\AstrBot\\data\\plugins\\astrbot_plugin_touchi\\core\\items\\red_1x1_xin.png",
      "obtained_time": "2025-06-30T11:37:20.185330",
      "time": "2025-06-30 11:37:20"
    },
    {
      "name": "gold_1x1_duanzi (价值: 58,182)",
      "base_name": "gold_1x1_duanzi",
      "value": 132767,
      "rarity": "gold",
      "level": "gold",
      "size": "1x1",
      "path": "C:\\powershell\\AstrBot\\data\\plugins\\astrbot_plugin_touchi\\core\\items\\gold_1x1_duanzi.png",
      "obtained_time": "2025-06-30T11:37:20.185330",
      "time": "2025-06-30 11:37:20"
    },
    {
      "name": "gold_2x2_tongxunyi (价值: 501,153)",
      "base_name": "gold_2x2_tongxunyi",
      "value": 1066499,
      "rarity": "gold",
      "level": "gold",
      "size": "2x2",
      "path": "C:\\powershell\\AstrBot\\data\\plugins\\astrbot_plugin_touchi\\core\\items\\gold_2x2_tongxunyi.png",
      "obtained_time": "2025-06-30T11:37:20.185330",
      "time": "2025-06-30 11:37:20"
    },
    {
      "name": "red_3x3_fanyinglu (价值: 2,147,262)",
      "base_name": "red_3x3_fanyinglu",
      "value": 4549977,
      "rarity": "red",
      "level": "red",
      "size": "3x3",
      "path": "C:\\powershell\\AstrBot\\data\\plugins\\astrbot_plugin_touchi\\core\\items\\red_3x3_fanyinglu.png",
      "obtained_time": "2025-06-30T11:37:20.185330",
      "time": "2025-06-30 11:37:20"
    },
    {
      "name": "purple_2x2_zhuban (价值: 47,223)",
      "base_name": "purple_2x2_zhuban",
      "value": 76747,
      "rarity": "purple",
      "level": "purple",
      "size": "2x2",
      "path": "C:\\powershell\\AstrBot\\data\\plugins\\astrbot_plugin_touchi\\core\\items\\purple_2x2_zhuban.png",
      "obtained_time": "2025-06-30T11:37:54.755790",
      "time": "2025-06-30 11:37:54"
    },
    {
      "name": "gold_1x1_jinbi (价值: 57,741)",
      "base_name": "gold_1x1_jinbi",
      "value": 106110,
      "rarity": "gold",
      "level": "gold",
      "size": "1x1",
      "path": "C:\\powershell\\AstrBot\\data\\plugins\\astrbot_plugin_touchi\\core\\items\\gold_1x1_jinbi.png",
      "obtained_time": "2025-06-30T11:37:54.755790",
      "time": "2025-06-30 11:37:54"
    },
    {
      "name": "red_1x1_yuzijiang (价值: 174,537)",
      "base_name": "red_1x1_yuzijiang",
      "value": 380099,
      "rarity": "red",
      "level": "red",
      "size": "1x1",
      "path": "C:\\powershell\\AstrBot\\data\\plugins\\astrbot_plugin_touchi\\core\\items\\red_1x1_yuzijiang.png",
      "obtained_time": "2025-06-30T11:37:54.755790",
      "time": "2025-06-30 11:37:54"
    },
    {
      "name": "blue_1x2_zidanlingjian (价值: 2,800)",
      "base_name": "blue_1x2_zidanlingjian",
      "value": 6700,
      "rarity": "blue",
      "level": "blue",
      "size": "1x2",
      "path": "C:\\powershell\\AstrBot\\data\\plugins\\astrbot_plugin_touchi\\core\\items\\blue_1x2_zidanlingjian.png",
      "obtained_time": "2025-06-30T11:37:54.755790",
      "time": "2025-06-30 11:37:54"
    },
    {
      "name": "purple_1x1_4 (价值: 1,056,413)",
      "base_name": "purple_1x1_4",
      "value": 2402217,
      "rarity": "purple",
      "level": "purple",
      "size": "1x1",
      "path": "C:\\powershell\\AstrBot\\data\\plugins\\astrbot_plugin_touchi\\core\\items\\purple_1x1_4.png",
      "obtained_time": "2025-06-30T11:42:34.922232",
      "time": "2025-06-30 11:42:34"
    },
    {
      "name": "gold_2x2_tongxunyi (价值: 501,153)",
      "base_name": "gold_2x2_tongxunyi",
      "value": 1085040,
      "rarity": "gold",
      "level": "gold",
      "size": "2x2",
      "path": "C:\\powershell\\AstrBot\\data\\plugins\\astrbot_plugin_touchi\\core\\items\\gold_2x2_tongxunyi.png",
      "obtained_time": "2025-06-30T11:49:20.263322",
      "time": "2025-06-30 11:49:20"
    },
    {
      "name": "gold_1x1_cpu (价值: 64,177)",
      "base_name": "gold_1x1_cpu",
      "value": 105658,
      "rarity": "gold",
      "level": "gold",
      "size": "1x1",
      "path": "C:\\powershell\\AstrBot\\data\\plugins\\astrbot_plugin_touchi\\core\\items\\gold_1x1_cpu.png",
      "obtained_time": "2025-06-30T11:49:20.263322",
      "time": "2025-06-30 11:49:20"
    },
    {
      "name": "gold_1x1_2 (价值: 1,576,462)",
      "base_name": "gold_1x1_2",
      "value": 2842990,
      "rarity": "gold",
      "level": "gold",
      "size": "1x1",
      "path": "C:\\powershell\\AstrBot\\data\\plugins\\astrbot_plugin_touchi\\core\\items\\gold_1x1_2.png",
      "obtained_time": "2025-06-30T11:51:31.605849",
      "time": "2025-06-30 11:51:31"
    },
    {
      "name": "red_3x3_zongheng (价值: 3,337,324)",
      "base_name": "red_3x3_zongheng",
      "value": 7624992,
      "rarity": "red",
      "level": "red",
      "size": "3x3",
      "path": "C:\\powershell\\AstrBot\\data\\plugins\\astrbot_plugin_touchi\\core\\items\\red_3x3_zongheng.png",
      "obtained_time": "2025-06-30T11:51:31.605849",
      "time": "2025-06-30 11:51:31"
    },
    {
      "name": "red_3x3_huxiji (价值: 10,962,096)",
      "base_name": "red_3x3_huxiji",
      "value": 23471552,
      "rarity": "red",
      "level": "red",
      "size": "3x3",
      "path": "C:\\powershell\\AstrBot\\data\\plugins\\astrbot_plugin_touchi\\core\\items\\red_3x3_huxiji.png",
      "obtained_time": "2025-06-30T11:51:31.605849",
      "time": "2025-06-30 11:51:31"
    },
    {
      "name": "gold_2x2_tongxunyi (价值: 501,153)",
      "base_name": "gold_2x2_tongxunyi",
      "value": 946156,
      "rarity": "gold",
      "level": "gold",
      "size": "2x2",
      "path": "C:\\powershell\\AstrBot\\data\\plugins\\astrbot_plugin_touchi\\core\\items\\gold_2x2_tongxunyi.png",
      "obtained_time": "2025-06-30T11:51:31.605849",
      "time": "2025-06-30 11:51:31"
    },
    {
      "name": "blue_2x1_qiangxieliangjian (价值: 2,400)",
      "base_name": "blue_2x1_qiangxieliangjian",
      "value": 4013,
      "rarity": "blue",
      "level": "blue",
      "size": "2x1",
      "path": "C:\\powershell\\AstrBot\\data\\plugins\\astrbot_plugin_touchi\\core\\items\\blue_2x1_qiangxieliangjian.png",
      "obtained_time": "2025-06-30T11:51:31.605849",
      "time": "2025-06-30 11:51:31"
    },
    {
      "name": "gold_1x1_shouji (价值: 61,319)",
      "base_name": "gold_1x1_shouji",
      "value": 132521,
      "rarity": "gold",
      "level": "gold",
      "size": "1x1",
      "path": "C:\\powershell\\AstrBot\\data\\plugins\\astrbot_plugin_touchi\\core\\items\\gold_1x1_shouji.png",
      "obtained_time": "2025-06-30T11:51:59.951156",
      "time": "2025-06-30 11:51:59"
    },
    {
      "name": "red_1x1_xin (价值: 13,581,911)",
      "base_name": "red_1x1_xin",
      "value": 22208985,
      "rarity": "red",
      "level": "red",
      "size": "1x1",
      "path": "C:\\powershell\\AstrBot\\data\\plugins\\astrbot_plugin_touchi\\core\\items\\red_1x1_xin.png",
      "obtained_time": "2025-06-30T11:51:59.951156",
      "time": "2025-06-30 11:51:59"
    },
    {
      "name": "blue_1x3_luyin (价值: 3,600)",
      "base_name": "blue_1x3_luyin",
      "value": 7850,
      "rarity": "blue",
      "level": "blue",
      "size": "1x3",
      "path": "C:\\powershell\\AstrBot\\data\\plugins\\astrbot_plugin_touchi\\core\\items\\blue_1x3_luyin.png",
      "obtained_time": "2025-06-30T11:51:59.951156",
      "time": "2025-06-30 11:51:59"
    },
    {
      "name": "purple_1x1_4 (价值: 1,056,413)",
      "base_name": "purple_1x1_4",
      "value": 2335845,
      "rarity": "purple",
      "level": "purple",
      "size": "1x1",
      "path": "C:\\powershell\\AstrBot\\data\\plugins\\astrbot_plugin_touchi\\core\\items\\purple_1x1_4.png",
      "obtained_time": "2025-06-30T11:51:59.951156",
      "time": "2025-06-30 11:51:59"
    },
    {
      "name": "purple_1x1_neicun (价值: 26,305)",
      "base_name": "purple_1x1_neicun",
      "value": 50568,
      "rarity": "purple",
      "level": "purple",
      "size": "1x1",
      "path": "C:\\powershell\\AstrBot\\data\\plugins\\astrbot_plugin_touchi\\core\\items\\purple_1x1_neicun.png",
      "obtained_time": "2025-06-30T11:52:30.811459",
      "time": "2025-06-30 11:52:30"
    },
    {
      "name": "purple_1x1_junshiqingbao (价值: 12,554)",
      "base_name": "purple_1x1_junshiqingbao",
      "value": 24720,
      "rarity": "purple",
      "level": "purple",
      "size": "1x1",
      "path": "C:\\powershell\\AstrBot\\data\\plugins\\astrbot_plugin_touchi\\core\\items\\purple_1x1_junshiqingbao.png",
      "obtained_time": "2025-06-30T12:03:35.625331",
      "time": "2025-06-30 12:03:35"
    },
    {
      "name": "blue_1x1_kele (价值: 800)",
      "base_name": "blue_1x1_kele",
      "value": 1523,
      "rarity": "blue",
      "level": "blue",
      "size": "1x1",
      "path": "C:\\powershell\\AstrBot\\data\\plugins\\astrbot_plugin_touchi\\core\\items\\blue_1x1_kele.png",
      "obtained_time": "2025-06-30T12:03:35.625331",
      "time": "2025-06-30 12:03:35"
    },
    {
      "name": "purple_1x2_dangan (价值: 22,530)",
      "base_name": "purple_1x2_dangan",
      "value": 37494,
      "rarity": "purple",
      "level": "purple",
      "size": "1x2",
      "path": "C:\\powershell\\AstrBot\\data\\plugins\\astrbot_plugin_touchi\\core\\items\\purple_1x2_dangan.png",
      "obtained_time": "2025-06-30T12:03:35.625331",
      "time": "2025-06-30 12:03:35"
    },
    {
      "name": "red_2x2_junyongji (价值: 534,661)",
      "base_name": "red_2x2_junyongji",
      "value": 1025757,
      "rarity": "red",
      "level": "red",
      "size": "2x2",
      "path": "C:\\powershell\\AstrBot\\data\\plugins\\astrbot_plugin_touchi\\core\\items\\red_2x2_junyongji.png",
      "obtained_time": "2025-06-30T12:03:35.625331",
      "time": "2025-06-30 12:03:35"
    },
    {
      "name": "gold_2x2_danfan (价值: 129,910)",
      "base_name": "gold_2x2_danfan",
      "value": 278914,
      "rarity": "gold",
      "level": "gold",
      "size": "2x2",
      "path": "C:\\powershell\\AstrBot\\data\\plugins\\astrbot_plugin_touchi\\core\\items\\gold_2x2_danfan.png",
      "obtained_time": "2025-06-30T12:16:30.210815",
      "time": "2025-06-30 12:16:30"
    },
    {
      "name": "gold_1x1_chuliqi (价值: 105,766)",
      "base_name": "gold_1x1_chuliqi",
      "value": 251270,
      "rarity": "gold",
      "level": "gold",
      "size": "1x1",
      "path": "C:\\powershell\\AstrBot\\data\\plugins\\astrbot_plugin_touchi\\core\\items\\gold_1x1_chuliqi.png",
      "obtained_time": "2025-06-30T12:16:30.210815",
      "time": "2025-06-30 12:16:30"
    },
    {
      "name": "gold_1x1_jiubei (价值: 62,760)",
      "base_name": "gold_1x1_jiubei",
      "value": 118557,
      "rarity": "gold",
      "level": "gold",
      "size": "1x1",
      "path": "C:\\powershell\\AstrBot\\data\\plugins\\astrbot_plugin_touchi\\core\\items\\gold_1x1_jiubei.png",
      "obtained_time": "2025-06-30T12:16:30.210815",
      "time": "2025-06-30 12:16:30"
    },
    {
      "name": "purple_1x1_shoubing (价值: 34,616)",
      "base_name": "purple_1x1_shoubing",
      "value": 75115,
      "rarity": "purple",
      "level": "purple",
      "size": "1x1",
      "path": "C:\\powershell\\AstrBot\\data\\plugins\\astrbot_plugin_touchi\\core\\items\\purple_1x1_shoubing.png",
      "obtained_time": "2025-06-30T12:16:30.210815",
      "time": "2025-06-30 12:16:30"
    }
  ],
  "last_steal_time": "2025-06-30T12:16:30.207812",
  "daily_steals": 19,
  "daily_reset_date": "2025-06-30"
}