{
  "window": {
    "width": 400,
    "height": 500,
    "always_on_top": true,
    "borderless": false,
    "transparency": 0.95,
    "resizable": true,
    "start_position": "center"
  },
  "game": {
    "steal_cooldown": 30,
    "auto_steal_interval": 300,
    "success_rate": 0.8,
    "min_items": 1,
    "max_items": 5,
    "enable_daily_bonus": true,
    "enable_combo_system": true,
    "enable_achievements": true
  },
  "animation": {
    "enable_animations": true,
    "animation_speed": 1.0,
    "use_gif_animations": true,
    "enable_particles": true,
    "enable_floating_text": true,
    "frame_rate": 30
  },
  "audio": {
    "enable_sound": true,
    "master_volume": 0.7,
    "sfx_volume": 0.8,
    "music_volume": 0.5,
    "mute_when_minimized": true
  },
  "notifications": {
    "enable_notifications": true,
    "show_steal_results": true,
    "show_achievements": true,
    "show_daily_reset": true,
    "notification_duration": 3000
  },
  "appearance": {
    "theme": "default",
    "pet_size": "medium",
    "show_status_bar": true,
    "show_stats_panel": true,
    "color_scheme": {
      "primary": "#4CAF50",
      "secondary": "#2196F3",
      "accent": "#FF9800",
      "background": "#FFFFFF",
      "text": "#000000"
    }
  },
  "behavior": {
    "auto_steal_enabled": false,
    "smart_timing": true,
    "adaptive_difficulty": true,
    "learning_mode": false,
    "idle_timeout": 300,
    "sleep_mode_enabled": true
  },
  "data": {
    "auto_save_interval": 60,
    "backup_enabled": true,
    "max_history_items": 1000,
    "data_compression": false,
    "export_format": "json"
  },
  "advanced": {
    "debug_mode": false,
    "performance_mode": false,
    "memory_limit": 100,
    "cpu_limit": 10,
    "network_timeout": 30,
    "cache_size": 50
  },
  "hotkeys": {
    "toggle_window": "Ctrl+Shift+P",
    "start_steal": "Ctrl+S",
    "toggle_auto": "Ctrl+A",
    "show_stats": "Ctrl+T",
    "settings": "Ctrl+,"
  },
  "plugins": {
    "enabled_plugins": [],
    "plugin_directory": "plugins",
    "auto_update_plugins": false
  }
}